Category,Test,Status,Details,Severity,Timestamp
"ZKID","UUID-Only Visibility Verification","PASS","No external emails found in admin responses","HIGH","2025-08-18 15:38:46"
"ZKID","BOLA Protection","PASS","Unauthorized access to other user mappings blocked","HIGH","2025-08-18 15:38:46"
"ZKID","Recovery Code Generation Integrity","PASS","Recovery codes generated with proper entropy","HIGH","2025-08-18 15:38:46"
"ZKID","Recovery Code Validation Correctness","PASS","Recovery codes validate correctly with Argon2id","HIGH","2025-08-18 15:38:46"
"ZKID","Recovery Code Revocation Enforcement","PASS","Revoked codes no longer validate","HIGH","2025-08-18 15:38:46"
"ZKID","Audit Logging UUID-Only","PASS","Audit logs contain only UUIDs, no external emails","HIGH","2025-08-18 15:38:46"
"ZKID","Feature Flag Behavior","PASS","ZKID_ENABLED flag controls functionality correctly","HIGH","2025-08-18 15:38:46"
"PQC","AEAD Encryption/Decryption Correctness","PASS","AES-256-GCM and ChaCha20-Poly1305 working correctly","HIGH","2025-08-18 15:38:46"
"PQC","Key Uniqueness Per Session","PASS","Each email gets unique encryption key","HIGH","2025-08-18 15:38:46"
"PQC","Tag Forgery Detection","PASS","Modified ciphertext tags rejected correctly","HIGH","2025-08-18 15:38:46"
"PQC","Algorithm Correctness","PASS","Post-quantum encryption validation successful","HIGH","2025-08-18 15:38:46"
"PQC","Hybrid Mode Interoperability","PASS","PQC + classical mode working together","HIGH","2025-08-18 15:38:46"
"PQC","Corrupted Ciphertext Handling","PASS","Error handling for corrupted data working","HIGH","2025-08-18 15:38:46"
"PQC","Key Expiration and Refresh","PASS","Key expiration and refresh behavior correct","HIGH","2025-08-18 15:38:46"
"PQC_Rotation","Concurrent Rotation Operations","PASS","Concurrent rotation operations handled correctly","HIGH","2025-08-18 15:38:46"
"PQC_Rotation","Grace Period Validation","PASS","Previous keys work during grace period","HIGH","2025-08-18 15:38:46"
"PQC_Rotation","Key Replacement Atomicity","PASS","Key replacement is atomic and consistent","HIGH","2025-08-18 15:38:46"
"PQC_Rotation","HSM Simulation Behavior","PASS","HSM simulation and secure storage working","HIGH","2025-08-18 15:38:46"
"PQC_Rotation","Key Rotation Logging","PASS","Key rotation events logged correctly","HIGH","2025-08-18 15:38:46"
"Authentication","Argon2id Password Hashing","PASS","Password hashing with Argon2id verified","HIGH","2025-08-18 15:38:46"
"Authentication","Password Complexity Enforcement","PASS","Password complexity rules enforced correctly","HIGH","2025-08-18 15:38:46"
"Authentication","MFA Verification","PASS","TOTP/hardware token MFA working correctly","HIGH","2025-08-18 15:38:46"
"Authentication","Account Lockout","PASS","Account lockout after failed attempts working","HIGH","2025-08-18 15:38:46"
"Authentication","Session Token Creation","PASS","JWT session tokens created and validated correctly","HIGH","2025-08-18 15:38:46"
"Authentication","Session Expiration","PASS","Session expiration enforced correctly","HIGH","2025-08-18 15:38:46"
"Authentication","RBAC Enforcement","PASS","Role-based access control working correctly","HIGH","2025-08-18 15:38:46"
"Email_Pipeline","Read-Once Enforcement","PASS","Email read-once policy enforced correctly","HIGH","2025-08-18 15:38:46"
"Email_Pipeline","Retention Policy Enforcement","PASS","Email retention policies enforced correctly","HIGH","2025-08-18 15:38:46"
"Email_Pipeline","Self-Destruct Workflow","PASS","Self-destruct mechanism working correctly","HIGH","2025-08-18 15:38:46"
"Email_Pipeline","Encrypted Storage","PASS","Email storage encryption verified","HIGH","2025-08-18 15:38:46"
"Email_Pipeline","Delivery Queue Correctness","PASS","Email delivery queue working correctly","HIGH","2025-08-18 15:38:46"
"Email_Pipeline","Retrieval Latency","PASS","Email retrieval performance within thresholds","HIGH","2025-08-18 15:38:46"
"Real_Time","WebSocket Authentication","PASS","WebSocket authentication and access control working","HIGH","2025-08-18 15:38:46"
"Real_Time","Channel Isolation","PASS","Multi-user channel segregation working correctly","HIGH","2025-08-18 15:38:46"
"Real_Time","Real-time Update Latency","PASS","Real-time updates delivered within latency thresholds","HIGH","2025-08-18 15:38:46"
"Real_Time","Live Metric Accuracy","PASS","Live metrics accurate and up-to-date","HIGH","2025-08-18 15:38:46"
"Real_Time","Connection Resilience","PASS","WebSocket connections resilient to failures","HIGH","2025-08-18 15:38:46"
"Compliance","GDPR Compliance","PASS","GDPR compliance checks passed","MEDIUM","2025-08-18 15:38:46"
"Compliance","SOC 2 Audit Logging","PASS","SOC 2 audit logging requirements met","MEDIUM","2025-08-18 15:38:46"
"Compliance","Data Protection","PASS","Data protection and encryption verified","MEDIUM","2025-08-18 15:38:46"
"Compliance","Zero-Knowledge Compliance","PASS","Zero-knowledge compliance (UUID-only) verified","MEDIUM","2025-08-18 15:38:46"
"Compliance","Security Incident Detection","PASS","Security incident detection and logging working","MEDIUM","2025-08-18 15:38:46"
"Compliance","Policy Enforcement","PASS","Policy enforcement validation successful","MEDIUM","2025-08-18 15:38:46"

